asset,family,params,train_return_pct,holdout_return_pct,full_sharpe,full_max_drawdown_pct
BTC,ema_long_cash,"fast=30,slow=150",74.04479377894428,76.54979486653734,0.7881405768811138,-40.59201508352174
BTC,ema_long_cash,"fast=30,slow=200",65.47101600141858,89.53595695759446,0.7854922353323159,-43.58895262067285
BTC,ema_long_cash,"fast=30,slow=250",17.93841471746873,125.33413621969056,0.6978450545944362,-49.542545816527515
BTC,ema_long_cash,"fast=50,slow=150",49.862740718941964,89.12676999073943,0.7377318371014495,-43.58302675437893
BTC,ema_long_cash,"fast=50,slow=200",37.61194032265656,114.33507742118425,0.7474292392845019,-51.29116648291709
BTC,ema_long_cash,"fast=50,slow=250",35.238024277471695,98.65217840431049,0.7040127712114773,-43.23110872569178
BTC,ema_long_cash,"fast=80,slow=150",54.424854922523004,106.18158603103839,0.7871644135680248,-48.59037372947307
BTC,ema_long_cash,"fast=80,slow=200",32.11819102554043,104.88431753084066,0.7078514170694485,-44.26431008672586
BTC,ema_long_cash,"fast=80,slow=250",7.220480747374203,114.60107328543731,0.6223425048034189,-54.60316515175718
BTC,vol_target_momentum,"mom=60,slow=150,vol=0.25",50.11843735343682,57.65489443740939,1.0730870396027137,-19.1192466866707
BTC,vol_target_momentum,"mom=60,slow=150,vol=0.35",69.91425435096642,82.92600178954517,1.0705232878441673,-25.973711162692226
BTC,vol_target_momentum,"mom=60,slow=150,vol=0.45",71.9276092471316,89.37403517148117,0.9773983387689359,-31.567539202997875
BTC,vol_target_momentum,"mom=60,slow=200,vol=0.25",28.291365576067996,59.38398389618491,0.9070190310464308,-19.319391807911323
BTC,vol_target_momentum,"mom=60,slow=200,vol=0.35",40.446263836655504,86.37768457912533,0.9285031066261171,-26.234812968758835
BTC,vol_target_momentum,"mom=60,slow=200,vol=0.45",39.91453410142321,93.15392522093009,0.8453125210138689,-31.82252020926939
BTC,vol_target_momentum,"mom=60,slow=250,vol=0.25",15.00782146038051,58.90543590639523,0.7889239927241223,-22.99865012691349
BTC,vol_target_momentum,"mom=60,slow=250,vol=0.35",20.650278330159068,85.85692932351941,0.8085305692851658,-28.231556965683446
BTC,vol_target_momentum,"mom=60,slow=250,vol=0.45",17.4136339010563,92.41894753631858,0.7256176583737419,-34.05890491369904
BTC,vol_target_momentum,"mom=90,slow=150,vol=0.25",17.485425731610004,54.77062758140055,0.7547264421592103,-20.185292926174135
BTC,vol_target_momentum,"mom=90,slow=150,vol=0.35",23.715463397557635,79.91172066616683,0.7754573169280002,-24.89523673601979
BTC,vol_target_momentum,"mom=90,slow=150,vol=0.45",21.324462251485077,92.3945658361208,0.7291391808412049,-27.628581015634644
BTC,vol_target_momentum,"mom=90,slow=200,vol=0.25",-1.1674649249541424,66.68018693053395,0.6437770827344782,-29.050532329332356
BTC,vol_target_momentum,"mom=90,slow=200,vol=0.35",0.09860804509589371,98.84351670318263,0.6837935840925734,-35.44764867813046
BTC,vol_target_momentum,"mom=90,slow=200,vol=0.45",-3.750425883991537,114.86720872315192,0.6444731029094264,-41.07683429984969
BTC,vol_target_momentum,"mom=90,slow=250,vol=0.25",-10.684032549115996,71.9613956642552,0.5711446203257838,-34.81112291556315
BTC,vol_target_momentum,"mom=90,slow=250,vol=0.35",-13.054836883298382,107.71457873853167,0.6094101883530401,-42.61119414686316
BTC,vol_target_momentum,"mom=90,slow=250,vol=0.45",-18.097476896864105,125.00540211129274,0.5684974182655682,-48.33471246989897
BTC,vol_target_momentum,"mom=120,slow=150,vol=0.25",40.82070670194826,16.971879334390305,0.6489203364811473,-24.97385640878713
BTC,vol_target_momentum,"mom=120,slow=150,vol=0.35",56.57097613075954,23.095639427891346,0.6618864589515132,-32.73302704048796
BTC,vol_target_momentum,"mom=120,slow=150,vol=0.45",58.332690908897675,25.326896890217697,0.6218719438080305,-37.66696837607591
BTC,vol_target_momentum,"mom=120,slow=200,vol=0.25",28.81030819010748,26.97981871171258,0.6316017780199338,-20.29753603889388
BTC,vol_target_momentum,"mom=120,slow=200,vol=0.35",37.77750479634647,36.93097303625479,0.6358568966498074,-27.1555966896444
BTC,vol_target_momentum,"mom=120,slow=200,vol=0.45",36.35932292785642,40.117710522491954,0.588307436614618,-31.44662526046359
BTC,vol_target_momentum,"mom=120,slow=250,vol=0.25",16.043450544990367,28.21662557002933,0.5287109521156101,-21.554116436052407
BTC,vol_target_momentum,"mom=120,slow=250,vol=0.35",19.20869879216831,38.70794455385731,0.5303112797119641,-28.8009160544921
BTC,vol_target_momentum,"mom=120,slow=250,vol=0.45",15.109882436701305,41.38666449340314,0.4786195620556114,-35.11705068824356
ETH,ema_long_cash,"fast=30,slow=150",64.85704386807278,-1.500987349899363,0.438515477616345,-62.569069546783055
ETH,ema_long_cash,"fast=30,slow=200",35.681800910545114,-4.628992217751238,0.33971066598301264,-60.951941946886045
ETH,ema_long_cash,"fast=30,slow=250",-16.391256781065977,-11.041614604085249,0.09620564465022195,-64.69562786507595
ETH,ema_long_cash,"fast=50,slow=150",19.270439411961384,1.8215415435783644,0.31242920746306124,-56.32750787407039
ETH,ema_long_cash,"fast=50,slow=200",10.742969606239171,-8.578416077427198,0.23293275841071592,-59.00169393813304
ETH,ema_long_cash,"fast=50,slow=250",10.815657046381633,-7.122557560393583,0.23901635944675215,-53.864913058266865
ETH,ema_long_cash,"fast=80,slow=150",2.4615378024669843,-8.321938546474838,0.20114029246777135,-59.01429670064267
ETH,ema_long_cash,"fast=80,slow=200",23.198976967135,-8.368521687485552,0.2820666453117183,-55.55887117185636
ETH,ema_long_cash,"fast=80,slow=250",-4.331667965174968,-41.835794185358246,-0.011866856652549123,-73.93714933838761
ETH,vol_target_momentum,"mom=60,slow=150,vol=0.25",27.574424437904298,56.91034459683117,0.8968101018982515,-15.072934913268677
ETH,vol_target_momentum,"mom=60,slow=150,vol=0.35",39.43316473521414,84.0442582263552,0.9069981280769153,-20.713461718163806
ETH,vol_target_momentum,"mom=60,slow=150,vol=0.45",46.780060808447075,112.57610743232847,0.901854031514849,-25.647015203166657
ETH,vol_target_momentum,"mom=60,slow=200,vol=0.25",19.321089291238593,47.56725074214796,0.7578286004888319,-16.91626880774316
ETH,vol_target_momentum,"mom=60,slow=200,vol=0.35",27.65999173513314,68.96412101536484,0.7718997034828856,-23.11473026797265
ETH,vol_target_momentum,"mom=60,slow=200,vol=0.45",33.09815208512019,90.92508343361168,0.7746018015480702,-28.488753178433825
ETH,vol_target_momentum,"mom=60,slow=250,vol=0.25",-0.08129571246662248,28.06571583698405,0.38126183673423863,-26.95702513816931
ETH,vol_target_momentum,"mom=60,slow=250,vol=0.35",1.1365710948851637,38.60001060547471,0.4077552472366791,-34.19193636639589
ETH,vol_target_momentum,"mom=60,slow=250,vol=0.45",0.6652141981284831,48.0879550982811,0.41832409179558677,-40.10583113642608
ETH,vol_target_momentum,"mom=90,slow=150,vol=0.25",-5.053302621443545,43.55553954019447,0.44499841944854857,-25.588979814053936
ETH,vol_target_momentum,"mom=90,slow=150,vol=0.35",-6.947696248913848,62.226848048824635,0.4612942159953632,-33.39208268400835
ETH,vol_target_momentum,"mom=90,slow=150,vol=0.45",-8.51561662381316,79.63310749395409,0.4762591119926977,-39.0147971139159
ETH,vol_target_momentum,"mom=90,slow=200,vol=0.25",-9.344788824608408,41.24060781404,0.37200570147693507,-28.95227601400717
ETH,vol_target_momentum,"mom=90,slow=200,vol=0.35",-12.563809220839794,58.4830256188422,0.38989536603031666,-37.41216142888254
ETH,vol_target_momentum,"mom=90,slow=200,vol=0.45",-14.173627999632144,74.18922316044699,0.41406871279379925,-42.78653343602906
ETH,vol_target_momentum,"mom=90,slow=250,vol=0.25",-15.024757516110299,34.47822589162306,0.2412448566831919,-33.403744855242934
ETH,vol_target_momentum,"mom=90,slow=250,vol=0.35",-20.031825885007105,47.98411665873243,0.2592248568914088,-42.75785429654025
ETH,vol_target_momentum,"mom=90,slow=250,vol=0.45",-23.93306957368463,59.52525557455202,0.27728498345842795,-49.29235992229465
ETH,vol_target_momentum,"mom=120,slow=150,vol=0.25",14.19516372901195,35.11066772901161,0.6016785974172764,-17.9650276643737
ETH,vol_target_momentum,"mom=120,slow=150,vol=0.35",19.06144742623286,49.336995007837345,0.6081829699520844,-24.617007706267245
ETH,vol_target_momentum,"mom=120,slow=150,vol=0.45",25.134760151940228,61.2096833325604,0.6196512677283091,-31.01713657311096
ETH,vol_target_momentum,"mom=120,slow=200,vol=0.25",14.628580056406747,33.16888724446476,0.584390200987996,-18.400399160992876
ETH,vol_target_momentum,"mom=120,slow=200,vol=0.35",19.651398109600706,46.271506456596725,0.5907896894046747,-25.106328141605026
ETH,vol_target_momentum,"mom=120,slow=200,vol=0.45",26.0879712543137,56.87212274625117,0.6034604277181876,-29.80941851637422
ETH,vol_target_momentum,"mom=120,slow=250,vol=0.25",4.218791104045128,26.88261933616076,0.4180483956134862,-25.74467288954804
ETH,vol_target_momentum,"mom=120,slow=250,vol=0.35",4.87172962123168,36.654919942071864,0.4243129533392001,-34.27562872189805
ETH,vol_target_momentum,"mom=120,slow=250,vol=0.45",5.908915216777744,43.68078798699349,0.43021220307136465,-40.956078009068975
SOL,ema_long_cash,"fast=30,slow=150",953.244580964845,-3.2812207837996654,1.0211598688830958,-68.86895191661596
SOL,ema_long_cash,"fast=30,slow=200",747.683387027205,-3.484377780637782,0.9524215002812471,-72.1230635634499
SOL,ema_long_cash,"fast=30,slow=250",797.2539511870673,18.426674436558255,1.0283822271353744,-67.5113031091292
SOL,ema_long_cash,"fast=50,slow=150",745.6849370426173,-17.753492371515954,0.904368805466891,-73.23610212245991
SOL,ema_long_cash,"fast=50,slow=200",745.1637333022438,-5.912979293554632,0.9389862740009851,-68.2786404469506
SOL,ema_long_cash,"fast=50,slow=250",711.2024637955611,-8.807073591035685,0.9177348451973957,-67.59454818593036
SOL,ema_long_cash,"fast=80,slow=150",985.6801648174405,1.1103150813823737,1.0286143021339382,-67.5113031091292
SOL,ema_long_cash,"fast=80,slow=200",686.748758460572,-16.802214045516283,0.880678042843674,-71.02833891845988
SOL,ema_long_cash,"fast=80,slow=250",603.2308546155025,-15.44871417524034,0.8517073614976387,-71.18559578853278
SOL,vol_target_momentum,"mom=60,slow=150,vol=0.25",74.00085986844749,-3.606525278952577,0.7221866722826191,-27.701132768097704
SOL,vol_target_momentum,"mom=60,slow=150,vol=0.35",113.86170541011262,-6.92923339618009,0.7221866722826195,-37.2373020558676
SOL,vol_target_momentum,"mom=60,slow=150,vol=0.45",160.57712365577785,-11.956137064140549,0.7164074068343073,-45.878479790544965
SOL,vol_target_momentum,"mom=60,slow=200,vol=0.25",91.0044653397097,-3.792836317362036,0.8401277686312534,-24.823883248625624
SOL,vol_target_momentum,"mom=60,slow=200,vol=0.35",143.87976571760368,-7.213206794783023,0.8401277686312537,-34.010456493963545
SOL,vol_target_momentum,"mom=60,slow=200,vol=0.45",208.83911586589772,-12.0061686033892,0.8369002912364933,-42.60828700060861
SOL,vol_target_momentum,"mom=60,slow=250,vol=0.25",81.3802742003274,-7.874003882150826,0.7282485076942852,-24.587452331457182
SOL,vol_target_momentum,"mom=60,slow=250,vol=0.35",127.00490190177263,-12.660756683250895,0.7282485076942854,-33.73736117109449
SOL,vol_target_momentum,"mom=60,slow=250,vol=0.45",181.88536824260865,-18.1224760432924,0.7286386715736971,-42.29170019988376
SOL,vol_target_momentum,"mom=90,slow=150,vol=0.25",70.56593710202164,-6.6559931584988075,0.6505172866186704,-28.985602802369957
SOL,vol_target_momentum,"mom=90,slow=150,vol=0.35",108.00756889022209,-11.12693231330859,0.6505172866186706,-38.88061346018071
SOL,vol_target_momentum,"mom=90,slow=150,vol=0.45",151.49504458109848,-16.9768320174728,0.6461275342050693,-47.78134158808102
SOL,vol_target_momentum,"mom=90,slow=200,vol=0.25",74.35071684721532,2.327037012864097,0.7917565764261179,-23.110101950285276
SOL,vol_target_momentum,"mom=90,slow=200,vol=0.35",114.69899768037676,0.9969112560870519,0.7917565764261183,-31.73583677378836
SOL,vol_target_momentum,"mom=90,slow=200,vol=0.45",162.25848599259288,-2.066792355652314,0.7885600902111648,-39.8718505687516
SOL,vol_target_momentum,"mom=90,slow=250,vol=0.25",67.69646300656589,-1.4679120696793446,0.7052338371856061,-23.4333215925986
SOL,vol_target_momentum,"mom=90,slow=250,vol=0.35",103.49416411168977,-4.193740209573105,0.7052338371856065,-31.698609579669945
SOL,vol_target_momentum,"mom=90,slow=250,vol=0.45",145.07070536288742,-7.9664412865270595,0.705616745869961,-39.34003725470694
SOL,vol_target_momentum,"mom=120,slow=150,vol=0.25",112.7807447432434,6.2554889594393925,1.0708946333964455,-19.879856929157768
SOL,vol_target_momentum,"mom=120,slow=150,vol=0.35",183.22089434565547,6.565806897186621,1.0708946333964457,-27.36978400439898
SOL,vol_target_momentum,"mom=120,slow=150,vol=0.45",273.55089676737697,4.906110075942394,1.0669289459225781,-34.51641957591758
SOL,vol_target_momentum,"mom=120,slow=200,vol=0.25",113.43856233900276,14.293728205085966,1.155221451337578,-17.701497554533642
SOL,vol_target_momentum,"mom=120,slow=200,vol=0.35",184.71037827244734,17.839292879827042,1.1552214513375778,-24.061455017856414
SOL,vol_target_momentum,"mom=120,slow=200,vol=0.45",276.5232660376458,19.320139615429976,1.1522276168587233,-30.031034143444202
SOL,vol_target_momentum,"mom=120,slow=250,vol=0.25",94.1578935918542,8.028668082691471,0.9840440100902175,-19.934889776798304
SOL,vol_target_momentum,"mom=120,slow=250,vol=0.35",149.6012151803803,8.900269862078147,0.9840440100902181,-27.035888272148213
SOL,vol_target_momentum,"mom=120,slow=250,vol=0.45",218.2943529414509,8.412585238023972,0.9844264127441729,-33.65676779272728
